index,aweme_id,desc,author_nickname,author_sec_uid,create_time,digg_count,comment_count,share_count,play_count,url
1,7555899623119555890,"25年最强变声器，超详细教程新手小白也可以3分钟学会 开源免费变声器RVC超详细教程，不光免费而且是最稳定最强的变声器！
#rvc #rvc变声器 #变声器 #免费变声器 #变声器教程",源星变声器,MS4wLjABAAAA_s5JWhc6IfeDJG6OgTvyGXtVw2bWUNsgk5_NknZjN7SiaGkifdgl7z4qlLqRO697,2025-09-30T15:09:36.000Z,85788,11250,24043,0,https://www.douyin.com/video/7555899623119555890
2,7653081592865470181,别再踩坑了！2026年手机变声器真实测评#变声器 #手机变声器 #实时变声器 #变声器软件 #微信变声器,无忧变音,MS4wLjABAAAAgjpYimKJD9H-WDJZV2kNVY0PDubGG8xaF9WGvMduS-M,2026-06-19T12:25:13.000Z,516,562,30,0,https://www.douyin.com/video/7653081592865470181
3,7554650672228027705,实时变声器下载教程#实时变声器#实时变声器手机版#免费变声器 打举报电话不想留原声可用,火锅天王,MS4wLjABAAAA5T06IGyjAd53pkUy84s1ElU76-p22Vx5wRjZiVwWZwUeVc8Nr1qiIZd8_6rlVP1G,2025-09-27T06:23:04.000Z,727,392,6062,0,https://www.douyin.com/video/7554650672228027705
4,7643532430254984447,？#沟通崩溃名场面 大半夜的给我笑死了,一只眠羊,MS4wLjABAAAAoN9N4ss7_z37o-QMmighyQKyip3pSpl-V-j65XkMKqU,2026-05-24T18:49:38.000Z,765313,246166,2163684,0,https://www.douyin.com/video/7643532430254984447
5,7630409928125025574,从夯到拉锐评市面上所有变声器 #rvc #大饼ai变声器 #变声器 #语音厅 #声卡调试,哈斯音频,MS4wLjABAAAA1ChLzd6u5ogmywm4TItxUqc37-KIXm0rbdfDQ3hRLo0,2026-04-19T10:07:44.000Z,4015,212,495,0,https://www.douyin.com/video/7630409928125025574
6,7643725471738051171,《七里分享》kk键盘变声器教程来了，kk键盘唱歌变声器教程 #kk键盘 #kk键盘变声器唱歌变不回去 #kk键盘苹果香变声器 kk键盘变声器怎么变回来 kk键盘变声器唱歌 kk键盘唱歌变声器教程 kk键盘变声器怎么用 kk键盘变声器声音 kk键盘变声器测评推荐 kk键盘变声器功能 kk变声器 kk变声器9块9 kk变声器搞笑声音 kk键盘唱歌 kk键盘变声器测评 kk键盘变声器唱歌教程 kk键盘边唱边说话的变声器 kk键盘变声软件 微信语音变声器kk #kk变声器教程 kk键盘变声器教程 kk变声器趣味工具 kk键盘语音包 kk键盘变声器怎么用教程 kk键盘变声怎么用 kk键盘变声器苹果 kk键盘苹果怎么使用 kk键盘变声器唱歌是哪一个 kk变声器语音 kk键盘变声器效果 kk变声器唱歌 kk键盘变声器神器 kk键盘变声器苹果香 kk键盘变声器唱歌教学 kk键盘变声器下载教程 kk键盘下载安装入口 kk键盘变声器设置,▛ ▖▗▝ ▖▜▖▗▝ ▖▜▖▗▛ ▖▗,MS4wLjABAAAABr7mDKxQ8USYiVpFw7xEsz7MoInFCq_SJb1_EzF0F89xZEEQMovp2BGmL8rxpuW-,2026-05-25T07:18:43.000Z,11260,6630,46696,0,https://www.douyin.com/video/7643725471738051171
7,7657124766612065577,变声器使用教程，7分钟超详细保姆级攻略来啦~ #变声器 #ai变声 #变声器教程,小今（变声调试）,MS4wLjABAAAAA1kqylPCsJPjsMiW_BN6DlVMBYE1CEvBz5Gm18HV0tvxCLCRGZ0zFWxMFE3kUuar,2026-07-01T09:45:00.000Z,7066,545,1457,0,https://www.douyin.com/video/7657124766612065577
8,7510897857752649019,"实时变声器？全新实时变声！
几十种声效随意切换
动作蒗斯甑镢癖多好
可以男变女也可以女变男，直播，打电话，游戏开麦都可以使用变声器推荐  #手机变声器#变声器#变声器吃鸡#变声器教程",变声器教程,MS4wLjABAAAAh4S1LeCgN8Vi8p2rjypcD7OMe9BbJso6ws_2alYSO2yRzfJ-uWUCZcMiBYJTYmXf,2025-06-01T08:39:47.000Z,1748,2525,7999,0,https://www.douyin.com/video/7510897857752649019
9,7656690124114558715,#变声器 实时变声器盒子效果太真实了#实时变声器盒子 #实时变声器 #手机变声器 #上热门🔥,黑科技变声器（关注必回）,MS4wLjABAAAAmuKO9-Q_X3sTomGycBs5qSDPFWLNFrMMFNfnoZ_Y3-dmfh3Cho3vMRDFLKf1j25O,2026-06-29T05:48:11.000Z,500,241,294,0,https://www.douyin.com/video/7656690124114558715
10,7479800976577203514,免费的变声器软件来啦，速速。支持聊天游戏，嘎嘎香#变声器 #变声器软件 #免费变声器 #变声器推荐,小光宝藏,MS4wLjABAAAAidQTUBjB_S7Os6bgmesxbkRKdO00lrhublfBIMa84qDlpbVzTl31r7fqWckFz0zx,2025-03-09T13:28:02.000Z,1670,1793,1160,0,https://www.douyin.com/video/7479800976577203514
11,7615311772497516148,"#上热门 #电脑技巧 #干货分享#游戏
#实用小技巧 打瓦必备小声卡",路明非 （音频调试）,MS4wLjABAAAA1zRc7gNR0moBtTPwh1QgIoiD2gcctYNOV7D9-0oUVChOsnp4RfvmvdSB9uUfLEe_,2026-03-09T17:39:02.000Z,501857,11861,429098,0,https://www.douyin.com/video/7615311772497516148
12,7513144477133982988,当我用变声器和好哥们打游戏！ #泡姆泡姆#双人游戏#单机游戏#这个游戏很好玩,傻蛋子奶酪,MS4wLjABAAAA07VT3qgWdjyz3v9S7NrxCcxnvaRN2Fo8AmrlUuHQnUHd289-JJglzHuxgbo3XUzb,2025-06-07T09:59:05.000Z,82406,1786,1816,0,https://www.douyin.com/video/7513144477133982988
13,7645626500868036297,《李铁工具》kk键盘变声器教程来了 #kk键盘 kk键盘唱歌变声器教程 #kk键盘变声器唱歌变不回去 kk键盘变声器怎么用教程 kk键盘变声怎么用 kk键盘变声器苹果 kk键盘苹果怎么使用 kk键盘变声器唱歌是哪一个 kk变声器语音 kk键盘变声器效果 kk变声器唱歌 kk键盘变声器神器 kk键盘变声器苹果香 kk键盘变声器唱歌教学 kk键盘变声器下载教程 kk键盘下载安装入口 kk键盘变声器设置 #kk键盘苹果香变声器 kk键盘变声器怎么变回来 kk键盘变声器唱歌 kk键盘唱歌变声器教程 kk键盘变声器怎么用 kk键盘变声器声音 kk键盘变声器测评推荐 kk键盘变声器功能 kk变声器 kk变声器9块9 kk变声器搞笑声音 kk键盘唱歌 kk键盘变声器测评 kk键盘变声器唱歌教程 kk键盘边唱边说话的变声器 kk键盘变声软件 微信语音变声器kk #kk变声器教程 kk键盘变声器教程 kk变声器趣味工具 kk键盘语音包,元宝【主页取图】,MS4wLjABAAAA9JbFwWcLZS_hy-4tVi31TJM4LP3RVZFTazJQb0zPVhI3n5iJ6zfKCj6JGMuEhPJ3,2026-05-30T10:15:39.000Z,808,458,7894,0,https://www.douyin.com/video/7645626500868036297
14,7645517179278394802,《往事知多少》Kk键盘语音变声器来了#k键盘 #kk键盘变声器#kk键盘教程 #kk键盘变声器使用教程 #变声器,莓烦恼、,MS4wLjABAAAAzkGVvrMFB_Cjy38P30bBEUVcUsDSp8Hv_sx_Y9cKHFJ7JUyI0wzUuc_plioG8ORK,2026-05-30T03:11:27.000Z,826,581,2110,0,https://www.douyin.com/video/7645517179278394802
15,6818865470721035523,震惊！某百万粉博主竟然用它…,啊脑袋🤯🥕,MS4wLjABAAAAElXy0XySeOSVOB3nLqttxznwvsX2MS9PC0-JItPfl_rRAnMJGztpoyrcLjIq5PhB,2020-04-23T11:20:42.000Z,1086541,23609,8460,0,https://www.douyin.com/video/6818865470721035523
16,7582118020240231690,全新变声器使用教程来了！手机就能搞定👍 这个变声器支持苹果安卓，男变女女变男，萝莉音、御姐音、青年音、夹子音....声线一键切换。#变声器 #游戏 #变声 #男变女 #和平精英,冬瓜配音,MS4wLjABAAAAO9U6t-CF081A71bzYUai6XnZrNWFyVvfn11LKcGneFNQaj6VF_AG-TZzLX4tv81r,2025-12-10T11:30:00.000Z,178,89,67,0,https://www.douyin.com/video/7582118020240231690
17,7646763979248026021,"从夯到拉 锐评一下手机变声器@变声器管家 
#从夯到拉排名 #内容过于真实 #夯爆了 #手机变声器 #变声器",烬月,MS4wLjABAAAAN_iDoaOp9NAYFaE705Q_soEakA7n8fi-V7lzKUJiKGyAspRT3IvwfysOjkpzjcDd,2026-06-02T11:49:40.000Z,4649,1143,492,0,https://www.douyin.com/video/7646763979248026021
18,7594346419650575686,火爆全网的手机变声器使用教程#变声器 #实时变声器 #男变女 #御姐音,变声器管家,MS4wLjABAAAAfos-VCKtBGHiMZwoLM3Yhcy_mjFN4b5CenFO4RLKgnI,2026-01-12T05:42:49.000Z,1025,245,211,0,https://www.douyin.com/video/7594346419650575686
19,7624482388077746809,如何才能在手机上实时变声呢#变声器 #手机变声器 #微信变声器 #实时变声器 #黑科技推荐,无忧变音,MS4wLjABAAAAgjpYimKJD9H-WDJZV2kNVY0PDubGG8xaF9WGvMduS-M,2026-04-03T10:45:42.000Z,1164,1144,95,0,https://www.douyin.com/video/7624482388077746809
20,7661581576564010152,张嘴就来！这个变声器绝了 #变声器 #手机变声器 #实时变声器 #变声器软件 #变声器推荐,无忧变音,MS4wLjABAAAAgjpYimKJD9H-WDJZV2kNVY0PDubGG8xaF9WGvMduS-M,2026-07-12T10:09:30.000Z,190,33,0,0,https://www.douyin.com/video/7661581576564010152
21,7628148736937463081,暴躁老哥遇到【超绝变声器]会发生什么呢？！ 速来围观，“压抑小子”是如何驾驭【精调变声器】的？青叔男嗓也能变成温柔少御？！#变声器 #rvc变声器 #ai变声器 #声卡调试 #RVC 变声器精调，RVC机架，精调实录，,晚风变声,MS4wLjABAAAA3Eslc3hqNcT03QT6JG4oz1WdjVkTJJaD4Q75BatvbwY,2026-04-13T07:53:05.000Z,169153,3341,34437,0,https://www.douyin.com/video/7628148736937463081
22,7479800976577203514,免费的变声器软件来啦，速速。支持聊天游戏，嘎嘎香#变声器 #变声器软件 #免费变声器 #变声器推荐,小光宝藏,MS4wLjABAAAAidQTUBjB_S7Os6bgmesxbkRKdO00lrhublfBIMa84qDlpbVzTl31r7fqWckFz0zx,2025-03-09T13:28:02.000Z,1670,1793,1160,0,https://www.douyin.com/video/7479800976577203514
23,7645626500868036297,《李铁工具》kk键盘变声器教程来了 #kk键盘 kk键盘唱歌变声器教程 #kk键盘变声器唱歌变不回去 kk键盘变声器怎么用教程 kk键盘变声怎么用 kk键盘变声器苹果 kk键盘苹果怎么使用 kk键盘变声器唱歌是哪一个 kk变声器语音 kk键盘变声器效果 kk变声器唱歌 kk键盘变声器神器 kk键盘变声器苹果香 kk键盘变声器唱歌教学 kk键盘变声器下载教程 kk键盘下载安装入口 kk键盘变声器设置 #kk键盘苹果香变声器 kk键盘变声器怎么变回来 kk键盘变声器唱歌 kk键盘唱歌变声器教程 kk键盘变声器怎么用 kk键盘变声器声音 kk键盘变声器测评推荐 kk键盘变声器功能 kk变声器 kk变声器9块9 kk变声器搞笑声音 kk键盘唱歌 kk键盘变声器测评 kk键盘变声器唱歌教程 kk键盘边唱边说话的变声器 kk键盘变声软件 微信语音变声器kk #kk变声器教程 kk键盘变声器教程 kk变声器趣味工具 kk键盘语音包,元宝【主页取图】,MS4wLjABAAAA9JbFwWcLZS_hy-4tVi31TJM4LP3RVZFTazJQb0zPVhI3n5iJ6zfKCj6JGMuEhPJ3,2026-05-30T10:15:39.000Z,808,458,7894,0,https://www.douyin.com/video/7645626500868036297
24,7644128315791478042,好玩归好玩，陌生链接还是不能随意点啊 #变声器 #语音 #搞笑,生活娱乐家,MS4wLjABAAAALS8ZqyslqYve4uQIXDUdK1pSJj344bx9_atNh9S5ZpM,2026-05-26T09:22:00.000Z,108071,11143,164173,0,https://www.douyin.com/video/7644128315791478042
25,7661650563117494602,多吃点🫰 #特效 #抽象 #变声器,困.,MS4wLjABAAAAcHjhPT-sdAekCtsewHokDFViN0iOQDmJNDwXZJQn4Wk,2026-07-12T14:37:13.000Z,8,2,0,0,https://www.douyin.com/video/7661650563117494602
26,7524604068955770147,20250年最新的变声器教程 最详细的变声器教程，堪称保姆级#变声器 #教程,糖豆酱（变声版）,MS4wLjABAAAAYfJkAVfNzxqL_2jF4rlU5VeUoqLG4lp-gb7FzuS5WfM,2025-07-08T07:06:52.000Z,32404,3720,4397,0,https://www.douyin.com/video/7524604068955770147
27,7329471526154013971,使用变速器骗好兄弟！ #我的世界 #渣渣辉TD #整活 #变声器,渣渣辉TD,MS4wLjABAAAAs_krptWbBqXDYBmzpLcuLmqrxlnM9NunZTZoIZT7SGRlZ8GOyc1pUjEuEGCsYnqM,2024-01-29T10:53:08.000Z,166591,7338,12171,0,https://www.douyin.com/video/7329471526154013971
28,7494312700344913163,说！能不能给阿玛发把枪！ #无畏契约  #瓦学弟  #无畏契约ai变声 #变声器 @As电竞（无畏契约）,哀酱（无畏契约),MS4wLjABAAAAuWuHrdzNAQZpri75mNHtHTE5ISd8nvlEM2x4d9CoOjJU2JqStmXnfihgHiLxvoLG,2025-04-18T03:00:00.000Z,485710,8623,426094,0,https://www.douyin.com/video/7494312700344913163
29,7644008059355017350,"教程第一步是@KK键盘 这个
#网络沟通迷惑行为 #平台聊天记录 #变声器",农村忧郁总裁,MS4wLjABAAAAcccHg3RGQti1xsOP4MF0RCMJT5CWuDIAeueW7QNhiKs,2026-05-26T01:35:17.000Z,4138,2982,2268,0,https://www.douyin.com/video/7644008059355017350
30,7610361565422930633,这个小火苗变声器真是太好用了，快试试吧！#变声 #整蛊 #游戏日常,武汉小阿晶科技推广号1,MS4wLjABAAAAxVo5W1FZaU8MMtATvyIX-GdXed8SN_4OVThGfVxZnRo,2026-02-24T09:29:48.000Z,73,1,4,0,https://www.douyin.com/video/7610361565422930633
31,7508280938293366051,"给大家分享一个女变男 男变女的变声软件很不错的 
低延迟多种模型音色随意切换，开黑吃鸡必备
动作蒗斯甑镢癖多好
声音效果不错很喜欢 声音也是非常好#变声器 #变声器吃鸡 #变声器软件",久久学长,MS4wLjABAAAAdzLzDYybykMe_qcs6x32iLPH0NDpa0uaZOgalG379vuahsnlA6kUPrhE85HA_t67,2025-05-25T07:25:11.000Z,287,190,4675,0,https://www.douyin.com/video/7508280938293366051
32,7494576169388444987,实锤了！变声器的重要性！ #名侦探柯南 #工藤新一 #变声器 #蝴蝶结变声器 #配音,声物课,MS4wLjABAAAAybYBfH_U602BFSxYXzLWCSn27d4WpJEYCXvCdvrJYf8,2025-04-18T09:03:25.000Z,145979,2994,30926,0,https://www.douyin.com/video/7494576169388444987
33,7652681345156768357,从夯到拉 锐评一下手机变声器@叮咚变声器 #从夯到拉排名 #内容过于真实 #夯爆了 #手机变声器 #变声器,嘻嘻,MS4wLjABAAAA6zfSJvMpmuD7eiDt-C7GSmzvJnaH32AMBBjmCCU41xA,2026-06-18T10:32:03.000Z,72,16,2,0,https://www.douyin.com/video/7652681345156768357
34,7564017651414191401,动作砾蔻钌钋锭多好。变声器？#变声器 #变声器吃鸡 ios安卓变声器最新版 让宝子们在手机上就能做到自己调声 聊天试试变设声 游戏实时变声 宝子们快来一起试试吧#干货分享 #重要事情说三遍,布丁甜甜~,MS4wLjABAAAAEkVhJOZXUXeUg3adxswd1ntx63lOpJ3PveEw7Cuk4EQEFRNJUZ3u4vRJ8ovYEkuj,2025-10-22T12:11:41.000Z,702,253,6641,0,https://www.douyin.com/video/7564017651414191401
35,7494312700344913163,说！能不能给阿玛发把枪！ #无畏契约  #瓦学弟  #无畏契约ai变声 #变声器 @As电竞（无畏契约）,哀酱（无畏契约),MS4wLjABAAAAuWuHrdzNAQZpri75mNHtHTE5ISd8nvlEM2x4d9CoOjJU2JqStmXnfihgHiLxvoLG,2025-04-18T03:00:00.000Z,485710,8623,426094,0,https://www.douyin.com/video/7494312700344913163
36,7644008059355017350,"教程第一步是@KK键盘 这个
#网络沟通迷惑行为 #平台聊天记录 #变声器",农村忧郁总裁,MS4wLjABAAAAcccHg3RGQti1xsOP4MF0RCMJT5CWuDIAeueW7QNhiKs,2026-05-26T01:35:17.000Z,4138,2982,2268,0,https://www.douyin.com/video/7644008059355017350
37,7494576169388444987,实锤了！变声器的重要性！ #名侦探柯南 #工藤新一 #变声器 #蝴蝶结变声器 #配音,声物课,MS4wLjABAAAAybYBfH_U602BFSxYXzLWCSn27d4WpJEYCXvCdvrJYf8,2025-04-18T09:03:25.000Z,145979,2994,30926,0,https://www.douyin.com/video/7494576169388444987
38,7610361565422930633,这个小火苗变声器真是太好用了，快试试吧！#变声 #整蛊 #游戏日常,武汉小阿晶科技推广号1,MS4wLjABAAAAxVo5W1FZaU8MMtATvyIX-GdXed8SN_4OVThGfVxZnRo,2026-02-24T09:29:48.000Z,73,1,4,0,https://www.douyin.com/video/7610361565422930633
39,7652681345156768357,从夯到拉 锐评一下手机变声器@叮咚变声器 #从夯到拉排名 #内容过于真实 #夯爆了 #手机变声器 #变声器,嘻嘻,MS4wLjABAAAA6zfSJvMpmuD7eiDt-C7GSmzvJnaH32AMBBjmCCU41xA,2026-06-18T10:32:03.000Z,72,16,2,0,https://www.douyin.com/video/7652681345156768357
40,7564017651414191401,动作砾蔻钌钋锭多好。变声器？#变声器 #变声器吃鸡 ios安卓变声器最新版 让宝子们在手机上就能做到自己调声 聊天试试变设声 游戏实时变声 宝子们快来一起试试吧#干货分享 #重要事情说三遍,布丁甜甜~,MS4wLjABAAAAEkVhJOZXUXeUg3adxswd1ntx63lOpJ3PveEw7Cuk4EQEFRNJUZ3u4vRJ8ovYEkuj,2025-10-22T12:11:41.000Z,702,253,6641,0,https://www.douyin.com/video/7564017651414191401
41,7644346818238762240,人类到什么时候才能能白灯泡的花语！ #青年创作者成长计划#内容过于真实#大学生#搞笑#抖音玩法合伙人,网吧信息差,MS4wLjABAAAAokpF28xzuEX1XD968NZhGTOytSqQbDBf0kPjRTeBtVyooNhnCicUdWZYMZh8oUpv,2026-05-26T23:30:12.000Z,340055,3236,42975,0,https://www.douyin.com/video/7644346818238762240
42,7328705361727327528,从来没有被骂的这么惨过... #整活   #骚操作,左手玩FPS,MS4wLjABAAAAIzH50ypkzQKFiMWavYUCqv2rk_EJoCP3XMTzv44FDKLFCrJB4UC7QX55yGUXV75p,2024-01-27T09:20:27.000Z,111976,1827,6150,0,https://www.douyin.com/video/7328705361727327528
43,7647792972582358282,挑战用变声器整蛊魔怔哥，这把给哥哥迷晕了#和平精英地铁逃生 #和平精英七周年 #和平精英越打越年轻 #大饼变声耳机,官梁🌨️地铁逃生,MS4wLjABAAAAJQqYhw3IJDhBg5MHYnUjsVYx6eohqhWmzebD1QQ9PSufYDRj9LsxMyq-aFGjH1Xv,2026-06-05T10:01:26.000Z,45584,871,2222,0,https://www.douyin.com/video/7647792972582358282
44,7515360345701043468,动作砾蔻钌钋锭多好。#变声器 #变声器吃鸡 ios安卓变声器最新版 让宝子们在手机上就能做到自己调声 聊天试试变设声 游戏实时变声 宝子们快来一起试试吧,布丁糖糖,MS4wLjABAAAAe8dz7I9yVaAas3LRdmVbGHI75iD5sLaelbOpjk1x0rj_wKRODPSSDXTlALaCVZtw,2025-06-13T09:16:35.000Z,4050,11868,49949,0,https://www.douyin.com/video/7515360345701043468
45,7416659189147241767,变声器一开，老鼠套快速变七套大佬 #和平精英战场进化  #和平精英地铁逃生,天成说游,MS4wLjABAAAAwENP6laUXpEEe84aTwFWFSFSlE1cLrQRajN-iCtGrH9TxT5RFKlGj3osRy6r32tF,2024-09-20T09:45:44.000Z,13634,831,746,0,https://www.douyin.com/video/7416659189147241767
46,7657201261879528755,别在到处找变声器调试了 现在变声器这个圈子真的挺乱的，别再被骗了，看完这个视频教你分辨假调试实录和真实变声。变声器的效果好坏就在于情绪，Ai模型最重要的是像真人，只有像真人， 那你用变声器才有意义。我们要坚决抵制配音造假，只做真实实时变声#rvc变声器 #变声器模型,抠脚（专业变声）,MS4wLjABAAAAJKaaRMETqgcPyKBQn1rJJ5HRog7dk2NyqYP_eZRPPn8,2026-06-30T14:51:49.000Z,174,24,19,0,https://www.douyin.com/video/7657201261879528755
47,7644191858826801893,《冷酷小鱼》kk键盘解锁会员版下载教程，kk键盘变声器教程来了，kk键盘唱歌变声器教程 #kk键盘 #Kk键盘变声器唱歌变不回去 #kk键盘苹果香变声器Kk键盘变声器怎么变回来kk键盘变声器唱歌 kk键盘唱歌变声器教程 kk键盘变声器怎么用kk键盘变声器声音 kk键盘变声器测评推荐 Rk键盘变声器功能 Kk变声器 kk变声器9块9kk变声器搞笑声音 KK键盘唱歌Kk键盘变声器测评 k揵盘变声鄙唱歌教程Kk键盘边唱边说话的辣於变南器kk键盘变声软件 微信语音变声器KK#Kk变声器教程 kk键盘变声器教程kk变声器趣味工具kk键盘语音包 KK键盘变声器怎么用教程 Kk键盘变声怎么用kk键盘变声器苹果 Kk键盘苹果怎么使用Kk键盘变声器唱歌是哪一个 kk变声器语音 Kk键盘变声器效果 Kk变声器唱歌Kk键盘变声器神器 kk键盘变声器苹果香 kk键盘变声器唱歌教学kk键盘变声器下载教程kk键盘下载安装入口kk键盘变声器设置,👉小鱼👈,MS4wLjABAAAAifbchipysvlwMDsvpwJMwu-3OYSe1Qr20fJU3OueYQVSn-t2vP5D9-0Xi8gmr4qL,2026-05-26T13:28:31.000Z,673,343,10308,0,https://www.douyin.com/video/7644191858826801893
48,7302008842236284210,天成又开变声器？萝莉音一出，敌人秒变小舔狗 #和平精英四排节 #和平精英狐妖免费皮肤 #天成说游,天成说游,MS4wLjABAAAAwENP6laUXpEEe84aTwFWFSFSlE1cLrQRajN-iCtGrH9TxT5RFKlGj3osRy6r32tF,2023-11-16T10:44:02.000Z,30669,3253,3575,0,https://www.douyin.com/video/7302008842236284210
49,7515360345701043468,动作砾蔻钌钋锭多好。#变声器 #变声器吃鸡 ios安卓变声器最新版 让宝子们在手机上就能做到自己调声 聊天试试变设声 游戏实时变声 宝子们快来一起试试吧,布丁糖糖,MS4wLjABAAAAe8dz7I9yVaAas3LRdmVbGHI75iD5sLaelbOpjk1x0rj_wKRODPSSDXTlALaCVZtw,2025-06-13T09:16:35.000Z,4050,11868,49949,0,https://www.douyin.com/video/7515360345701043468
50,7416659189147241767,变声器一开，老鼠套快速变七套大佬 #和平精英战场进化  #和平精英地铁逃生,天成说游,MS4wLjABAAAAwENP6laUXpEEe84aTwFWFSFSlE1cLrQRajN-iCtGrH9TxT5RFKlGj3osRy6r32tF,2024-09-20T09:45:44.000Z,13634,831,746,0,https://www.douyin.com/video/7416659189147241767
51,7657201261879528755,别在到处找变声器调试了 现在变声器这个圈子真的挺乱的，别再被骗了，看完这个视频教你分辨假调试实录和真实变声。变声器的效果好坏就在于情绪，Ai模型最重要的是像真人，只有像真人， 那你用变声器才有意义。我们要坚决抵制配音造假，只做真实实时变声#rvc变声器 #变声器模型,抠脚（专业变声）,MS4wLjABAAAAJKaaRMETqgcPyKBQn1rJJ5HRog7dk2NyqYP_eZRPPn8,2026-06-30T14:51:49.000Z,174,24,19,0,https://www.douyin.com/video/7657201261879528755
52,7644191858826801893,《冷酷小鱼》kk键盘解锁会员版下载教程，kk键盘变声器教程来了，kk键盘唱歌变声器教程 #kk键盘 #Kk键盘变声器唱歌变不回去 #kk键盘苹果香变声器Kk键盘变声器怎么变回来kk键盘变声器唱歌 kk键盘唱歌变声器教程 kk键盘变声器怎么用kk键盘变声器声音 kk键盘变声器测评推荐 Rk键盘变声器功能 Kk变声器 kk变声器9块9kk变声器搞笑声音 KK键盘唱歌Kk键盘变声器测评 k揵盘变声鄙唱歌教程Kk键盘边唱边说话的辣於变南器kk键盘变声软件 微信语音变声器KK#Kk变声器教程 kk键盘变声器教程kk变声器趣味工具kk键盘语音包 KK键盘变声器怎么用教程 Kk键盘变声怎么用kk键盘变声器苹果 Kk键盘苹果怎么使用Kk键盘变声器唱歌是哪一个 kk变声器语音 Kk键盘变声器效果 Kk变声器唱歌Kk键盘变声器神器 kk键盘变声器苹果香 kk键盘变声器唱歌教学kk键盘变声器下载教程kk键盘下载安装入口kk键盘变声器设置,👉小鱼👈,MS4wLjABAAAAifbchipysvlwMDsvpwJMwu-3OYSe1Qr20fJU3OueYQVSn-t2vP5D9-0Xi8gmr4qL,2026-05-26T13:28:31.000Z,673,343,10308,0,https://www.douyin.com/video/7644191858826801893
53,7302008842236284210,天成又开变声器？萝莉音一出，敌人秒变小舔狗 #和平精英四排节 #和平精英狐妖免费皮肤 #天成说游,天成说游,MS4wLjABAAAAwENP6laUXpEEe84aTwFWFSFSlE1cLrQRajN-iCtGrH9TxT5RFKlGj3osRy6r32tF,2023-11-16T10:44:02.000Z,30669,3253,3575,0,https://www.douyin.com/video/7302008842236284210
54,7635903042492059978,来变声器#剪辑教程 #剪辑录制,24K纯帅,MS4wLjABAAAAl8iL9pv_1oN8OmASlzU45At1VEFGyDSJEGsHwxMKpD_zZwygxbX2-N3HxN8KmRBE,2026-05-04T05:23:41.000Z,26,11,0,0,https://www.douyin.com/video/7635903042492059978
55,7647823848469056806,"用变声器让幻术带我得吃！ #和平精英越打越年轻 #和平精英地铁逃生
#大饼变声耳机",浪涛未尽,MS4wLjABAAAAaZ7qeuvZMugfnoCh3BTp9UdZnn0kyHdic5a_phJeD30,2026-06-05T09:39:00.000Z,87166,1310,2662,0,https://www.douyin.com/video/7647823848469056806
56,7271073876455558436,变声器装女人制裁网络男神,DK14,MS4wLjABAAAArRRrxZzU2Opibwn3OfWGq43PeOrxPKbatZY7laL5bNf5_iI0UOJIu2WsXp3g652J,2023-08-25T02:00:31.000Z,21627,3366,5297,0,https://www.douyin.com/video/7271073876455558436
57,7274066249737309503,变声器装女孩系列,DK14,MS4wLjABAAAArRRrxZzU2Opibwn3OfWGq43PeOrxPKbatZY7laL5bNf5_iI0UOJIu2WsXp3g652J,2023-09-02T03:32:22.000Z,24499,5259,9848,0,https://www.douyin.com/video/7274066249737309503
58,7620505541919877987,"#游戏#知识分享#电脑技巧 #实用小技巧 #声卡
玩游戏必须安排的一个整活小神器",路明非 （音频调试）,MS4wLjABAAAA1zRc7gNR0moBtTPwh1QgIoiD2gcctYNOV7D9-0oUVChOsnp4RfvmvdSB9uUfLEe_,2026-03-23T17:33:33.000Z,5223,435,2236,0,https://www.douyin.com/video/7620505541919877987
59,7645617304663521659,关掉kk键盘变声器教程来了#kk键盘#变声器#教程,Achybeoln,MS4wLjABAAAAWPJUHidWj8uYfGO51B_7PiMqbB8OwR-6bVwDhavZy8QLJ5RNTxm1yiGeYM-jwg40,2026-05-30T09:39:59.000Z,3762,242,722,0,https://www.douyin.com/video/7645617304663521659
60,7252265876655738168,这就是变声器的隐藏功能嘛？？？ #荣耀萤火计划  #王者荣耀  #变声器 ,高司令,MS4wLjABAAAAIFPKhUV_segU1VNDgieCvDk-u-lxLs9kdnv0p5E0wWdVg7hhGotq4qk97LlV4_wN,2023-07-05T09:35:42.000Z,258020,6726,13522,0,https://www.douyin.com/video/7252265876655738168
61,7510586706513923385,伏脂氵汓砼砯磔洞座。变声器？？#变声器 #变声器吃鸡 #变声器软件 #宝藏软件,喵喵爱分享,MS4wLjABAAAADtSWdqZ-fJQ05BXwR5j0zoz85dRlXKviIBAcPNw3ZmpNd0DnyrIPh6Phg9C6DIOb,2025-05-31T12:32:21.000Z,417,70,3554,0,https://www.douyin.com/video/7510586706513923385
62,7588137512159200102,《小泽的梦》氦气变声软件安卓ios下载教程，特效变音魔术师怎么下载#氦气变音  #特效变音魔术师下载教程 #特效变音魔术师 #氦气变音软件,江门,MS4wLjABAAAAJwcZMAhBIqXXBSgLkyws5LSyPrSmfO7Xi_LNWoNADXAbOpksGtHGXBxGNS2qtfMv,2025-12-26T12:09:02.000Z,1442,266,6386,0,https://www.douyin.com/video/7588137512159200102
63,7337603975719570729,煞神还是狗性不改！ #我的世界 #变声器 #整活 #渣渣辉TD #搞笑,渣渣辉TD,MS4wLjABAAAAs_krptWbBqXDYBmzpLcuLmqrxlnM9NunZTZoIZT7SGRlZ8GOyc1pUjEuEGCsYnqM,2024-02-20T08:51:19.000Z,82873,2674,6068,0,https://www.douyin.com/video/7337603975719570729
64,7510586706513923385,伏脂氵汓砼砯磔洞座。变声器？？#变声器 #变声器吃鸡 #变声器软件 #宝藏软件,喵喵爱分享,MS4wLjABAAAADtSWdqZ-fJQ05BXwR5j0zoz85dRlXKviIBAcPNw3ZmpNd0DnyrIPh6Phg9C6DIOb,2025-05-31T12:32:21.000Z,417,70,3554,0,https://www.douyin.com/video/7510586706513923385
65,7620505541919877987,"#游戏#知识分享#电脑技巧 #实用小技巧 #声卡
玩游戏必须安排的一个整活小神器",路明非 （音频调试）,MS4wLjABAAAA1zRc7gNR0moBtTPwh1QgIoiD2gcctYNOV7D9-0oUVChOsnp4RfvmvdSB9uUfLEe_,2026-03-23T17:33:33.000Z,5223,435,2236,0,https://www.douyin.com/video/7620505541919877987
66,7658676786193261800,"喊了一整局麻麻，临结束了阴我一手？真被骗过去了，变脸是被你玩的明明白白了。还是太单纯了，没想到能在无畏契约里学到三十六计的笑里藏刀。
#游戏中的自闭时刻 #无畏契约 #变声器",林思瑶（无畏契约）,MS4wLjABAAAA2r5tpz8pX1vvtwRmkWpbNggrs03JWSWZOOzRaVs1SMQ,2026-07-04T14:17:26.000Z,818,43,129,0,https://www.douyin.com/video/7658676786193261800
67,7252265876655738168,这就是变声器的隐藏功能嘛？？？ #荣耀萤火计划  #王者荣耀  #变声器 ,高司令,MS4wLjABAAAAIFPKhUV_segU1VNDgieCvDk-u-lxLs9kdnv0p5E0wWdVg7hhGotq4qk97LlV4_wN,2023-07-05T09:35:42.000Z,258020,6726,13522,0,https://www.douyin.com/video/7252265876655738168
68,7385449755591200040,免费的变声器APP.#神仙软件 #变声器软件 #软件分享,yo🥣,MS4wLjABAAAA0HY2El5QRuRsIxT0GzRlxVio8iAahSMBnRahyDY_ffw,2024-06-28T07:17:10.000Z,128,53,52,0,https://www.douyin.com/video/7385449755591200040
69,7337603975719570729,煞神还是狗性不改！ #我的世界 #变声器 #整活 #渣渣辉TD #搞笑,渣渣辉TD,MS4wLjABAAAAs_krptWbBqXDYBmzpLcuLmqrxlnM9NunZTZoIZT7SGRlZ8GOyc1pUjEuEGCsYnqM,2024-02-20T08:51:19.000Z,82873,2674,6068,0,https://www.douyin.com/video/7337603975719570729
70,7575707470032104155,我发现个特好用的实时变声器，手机电脑都能用，打游戏、打电话、语音聊天都行#变声器 #手机变声器#变声器推荐,牛油果AI变声（主页自取）,MS4wLjABAAAAumwprCSBRVzHNW98iYOoD3N7wJlzEsyz4YUyTbV6XHNWjGDZ_AjLlJz106x9z0dS,2025-11-23T00:14:11.000Z,794,3085,81,0,https://www.douyin.com/video/7575707470032104155
71,7573684017784310611,动作砾蔻钌钋锭多好。#变声器 #变声器吃鸡 #变声器软件 #变声器教程 #调声  ios安卓变声器最新版 让宝子们在手机上就能做到自己调声 聊天试试变设声 游戏实时变声 宝子们快来一起试试吧,布丁甜甜~,MS4wLjABAAAAEkVhJOZXUXeUg3adxswd1ntx63lOpJ3PveEw7Cuk4EQEFRNJUZ3u4vRJ8ovYEkuj,2025-11-17T13:22:11.000Z,728,424,11195,0,https://www.douyin.com/video/7573684017784310611
72,7496007535225261371,"动作桎和碔碒碓多好，免费变声器分享。#变声器吃鸡 #变声器  #变声器软件 #ai变声#变声软件免费变声器 鸡哥变声器 曼波变声器 最新免费变声器好用的变声器 好用的变声器 变声器怎么下免费获取变声器无广告变声器 最新变声器大全 变声器教程 免费变声器
好用的变声器时实变声器 免费的变声器获取教程",小雪儿分享官,MS4wLjABAAAApoDlWhrT7248GAd8ooboSV4F5146q-veoVNDOEafQVKZQqwa1WC_43Lsm-VeJNVQ,2025-04-22T05:37:45.000Z,116,45,1984,0,https://www.douyin.com/video/7496007535225261371
73,7509492289770917180,手机变声器来啦，已绿化随便用。#变声器软件 #变声器 #免费变声器 #变声器推荐,小光宝藏,MS4wLjABAAAAidQTUBjB_S7Os6bgmesxbkRKdO00lrhublfBIMa84qDlpbVzTl31r7fqWckFz0zx,2025-05-28T13:45:27.000Z,4,0,2,0,https://www.douyin.com/video/7509492289770917180
74,7661560450493264497,能不能关掉你这个雄性变声器！#初心纯女电竞 #原声配音 #danking #蛋king,7cry（初心纯女）,MS4wLjABAAAAr51Z1T67FkLBKrRxAwHKkZPRZQvqIEL58W-YHkk5m8I,2026-07-12T08:47:31.000Z,35275,325,11158,0,https://www.douyin.com/video/7661560450493264497
75,7648123106112205477,当我用雷神声线让路人爱上雷神 #原神 #雷电将军 #原神千星奇域 #原神装扮种草 #马上一起玩原神,HappyTwins,MS4wLjABAAAAI42Sno7DGAR8d1ne4w23WVIlifsBejPZq50s0W_qXXiI4sNjpSbjz_o4mytqVyEh,2026-06-06T03:49:51.000Z,62413,293,3420,0,https://www.douyin.com/video/7648123106112205477
76,7523152069973773628,用柯南皮套玩VR是什么体验 #名侦探柯南  #声优 #变声器 #沙雕#配音,声物课,MS4wLjABAAAAybYBfH_U602BFSxYXzLWCSn27d4WpJEYCXvCdvrJYf8,2025-07-04T09:12:21.000Z,71471,1060,6587,0,https://www.douyin.com/video/7523152069973773628
77,7511228457599323450,柯南现场配音！女性角色精分模仿！ #名侦探柯南 #配音 #毛利兰 #灰原哀 #模仿,声物课,MS4wLjABAAAAybYBfH_U602BFSxYXzLWCSn27d4WpJEYCXvCdvrJYf8,2025-06-02T06:02:40.000Z,646782,10312,95325,0,https://www.douyin.com/video/7511228457599323450
78,7661560450493264497,能不能关掉你这个雄性变声器！#初心纯女电竞 #原声配音 #danking #蛋king,7cry（初心纯女）,MS4wLjABAAAAr51Z1T67FkLBKrRxAwHKkZPRZQvqIEL58W-YHkk5m8I,2026-07-12T08:47:31.000Z,35275,325,11158,0,https://www.douyin.com/video/7661560450493264497
79,7575707470032104155,我发现个特好用的实时变声器，手机电脑都能用，打游戏、打电话、语音聊天都行#变声器 #手机变声器#变声器推荐,牛油果AI变声（主页自取）,MS4wLjABAAAAumwprCSBRVzHNW98iYOoD3N7wJlzEsyz4YUyTbV6XHNWjGDZ_AjLlJz106x9z0dS,2025-11-23T00:14:11.000Z,794,3085,81,0,https://www.douyin.com/video/7575707470032104155
80,7509492289770917180,手机变声器来啦，已绿化随便用。#变声器软件 #变声器 #免费变声器 #变声器推荐,小光宝藏,MS4wLjABAAAAidQTUBjB_S7Os6bgmesxbkRKdO00lrhublfBIMa84qDlpbVzTl31r7fqWckFz0zx,2025-05-28T13:45:27.000Z,4,0,2,0,https://www.douyin.com/video/7509492289770917180
81,7333119181694536996,我用变声器欺骗了兄弟的感情！#有种成长叫路飞 #热血航线蛇人路飞登场 @航海王热血航线 #渣渣辉TD,渣渣辉TD,MS4wLjABAAAAs_krptWbBqXDYBmzpLcuLmqrxlnM9NunZTZoIZT7SGRlZ8GOyc1pUjEuEGCsYnqM,2024-02-08T06:48:53.000Z,38858,1743,1613,0,https://www.douyin.com/video/7333119181694536996
82,7523152069973773628,用柯南皮套玩VR是什么体验 #名侦探柯南  #声优 #变声器 #沙雕#配音,声物课,MS4wLjABAAAAybYBfH_U602BFSxYXzLWCSn27d4WpJEYCXvCdvrJYf8,2025-07-04T09:12:21.000Z,71503,1060,6587,0,https://www.douyin.com/video/7523152069973773628
83,7259704588717116724,咱们变声器，主打的就是潜能激发#优课星球 #荣耀萤火计划 #王者荣耀,高司令,MS4wLjABAAAAIFPKhUV_segU1VNDgieCvDk-u-lxLs9kdnv0p5E0wWdVg7hhGotq4qk97LlV4_wN,2023-07-25T10:41:40.000Z,113603,1813,2421,0,https://www.douyin.com/video/7259704588717116724
84,7611118759511632305,小小变声，即刻拿捏 #配音#模仿#声音教学#变声,阿姣来也,MS4wLjABAAAA5OB5EvDNb7_rLfh1Y9ZrQqPP76ftU-GYNY7PDqQXACfHcmSPGslPn3ByDfsLzHUD,2026-02-26T10:28:01.000Z,129376,7280,19611,0,https://www.douyin.com/video/7611118759511632305
85,7435504583830490427,用柯南声线玩捣蛋鬼是什么体验？ #名侦探柯南 #蛋仔派对 #揪出捣蛋鬼 #工藤新一 #声优都是怪物,声物课,MS4wLjABAAAAybYBfH_U602BFSxYXzLWCSn27d4WpJEYCXvCdvrJYf8,2024-11-10T04:35:26.000Z,190012,1247,15120,0,https://www.douyin.com/video/7435504583830490427
86,7341348502246608167,我的世界段子：顶级舔狗 #我的世界 #我的世界段子 #渣渣辉td #整活,辉仔,MS4wLjABAAAAaTHFLUBtVI1T3XY6lolM71zRYC_td8lk5i8gi3sSl3s,2024-03-01T11:02:22.000Z,11497,727,1016,0,https://www.douyin.com/video/7341348502246608167
87,7511228457599323450,柯南现场配音！女性角色精分模仿！ #名侦探柯南 #配音 #毛利兰 #灰原哀 #模仿,声物课,MS4wLjABAAAAybYBfH_U602BFSxYXzLWCSn27d4WpJEYCXvCdvrJYf8,2025-06-02T06:02:40.000Z,646782,10312,95325,0,https://www.douyin.com/video/7511228457599323450
88,7258937159539854627,男生变声期声音前后#剧情 #搞笑,王梓陌,MS4wLjABAAAAFmXK5vYgoPafqfjSCK4g2v6N7nGXubC0aHhsPVtyWGg,2023-07-23T09:03:42.000Z,418575,15134,20101,0,https://www.douyin.com/video/7258937159539854627
89,7535389493109542207,拿下辐射区又怎样？变声器一开都是我的！ #和平精英暴富空投节 #地铁逃生鼠鼠行为图鉴 #地铁逃生周年版本 #地铁逃生摸金搜打撤 #和平精英地铁逃生,天成说游,MS4wLjABAAAAwENP6laUXpEEe84aTwFWFSFSlE1cLrQRajN-iCtGrH9TxT5RFKlGj3osRy6r32tF,2025-08-06T08:40:01.000Z,10120,513,337,0,https://www.douyin.com/video/7535389493109542207
90,7529381931248815419,这魔音功能也太逆天，太好玩了吧！#王者 #王者魔音变声的正确打开方式,王者荣耀一僧（国服达摩）,MS4wLjABAAAA8-B8x-7zAItUiYnP_iakJG6xhKFfY7dC27oU5dCLOak,2025-07-21T04:07:25.000Z,71512,1198,9591,0,https://www.douyin.com/video/7529381931248815419
91,7578091187303632128,找一个护航用东北雨姐变声器整蛊路人，看看路人是什么反应？ #三角洲行动 #Zi电竞  #逆战未来 #三角洲联动逆战未来 #三角洲s7阿萨拉新赛季,甜甜洛（三角洲行动）,MS4wLjABAAAAolCZiT_fp1BQvrhfj9oKlZM0_gDTFfUg_4UvVSbo2AbWDFp_KPkhHg4ShtoUbfjC,2025-11-29T10:24:17.000Z,49323,598,3696,0,https://www.douyin.com/video/7578091187303632128
92,7644219584195401083,跟大家讲一下最近火的变声器是可以关掉的不要乱传关不掉了，变声器不是实时转声音的，它是文字转语音是你提前输入一段文字它再给你生成一段语音后面才能发，网上你们听的那些语音那种传关不掉的那种都是语音包，如果实在不会关可以去设置里面找无障碍给kk键盘权限关掉就行。#键盘功能 #kk键盘 #变声器,。,MS4wLjABAAAA_BJ-QK66nXarWf5NKX7qZolQCbCnRRz_DdLw7RTdcXdDCEPGg65JqEhV4mZs-0Xj,2026-05-26T15:16:06.000Z,12518,2183,3099,0,https://www.douyin.com/video/7644219584195401083
93,7611118759511632305,小小变声，即刻拿捏 #配音#模仿#声音教学#变声,阿姣来也,MS4wLjABAAAA5OB5EvDNb7_rLfh1Y9ZrQqPP76ftU-GYNY7PDqQXACfHcmSPGslPn3ByDfsLzHUD,2026-02-26T10:28:01.000Z,129376,7280,19611,0,https://www.douyin.com/video/7611118759511632305
94,7258937159539854627,男生变声期声音前后#剧情 #搞笑,王梓陌,MS4wLjABAAAAFmXK5vYgoPafqfjSCK4g2v6N7nGXubC0aHhsPVtyWGg,2023-07-23T09:03:42.000Z,418575,15134,20101,0,https://www.douyin.com/video/7258937159539854627
95,7529381931248815419,这魔音功能也太逆天，太好玩了吧！#王者 #王者魔音变声的正确打开方式,王者荣耀一僧（国服达摩）,MS4wLjABAAAA8-B8x-7zAItUiYnP_iakJG6xhKFfY7dC27oU5dCLOak,2025-07-21T04:07:25.000Z,71512,1198,9591,0,https://www.douyin.com/video/7529381931248815419
96,7625949126652507535,一秒学会《哥哥我摔倒了》配音教学来啦！（请开麦） #哥哥我摔倒了 #夹子音 #抽象 #配音演员龚杨杰 #青年创作者成长计划,孙大圣（龚杨杰）,MS4wLjABAAAAt7exzLcrlM9qffyTchlHPTjT04VNBKrrd7WLSBVCgd5RF2SoXrw8aeoLfBMaJwth,2026-04-07T09:37:24.000Z,120691,113981,74797,0,https://www.douyin.com/video/7625949126652507535
97,7363972878435437862,声音博主爆笑戒网恋 我们俩这组合技，这配合，哎哟我哈哈哈哈哈哈哈#声优都是怪物 #搞笑,姜峰真的苟,MS4wLjABAAAAweSdRhTQLyzC7Q9nqP9H2qf_fKkfBQYDtQouQoN14Qk,2024-05-01T10:36:00.000Z,682146,24974,491189,0,https://www.douyin.com/video/7363972878435437862
98,7612508568902759295,"变声避坑指南❗️选对叮咚少走5年弯路。变声避坑指南❗️选对叮咚少走5年弯路 
#变声器避雷 #叮咚变声器 #整蛊神器 #社恐福音 
选变声器别瞎冲！
踩过N多雷后总结的5个关键点，照着选不亏👇 
1️⃣ 音色要自然
拒绝电子音/机器人音！叮咚超多真人采样音色，奶狗/御姐/大叔/搞怪音全覆盖，逼真不尴尬 
2️⃣ 延迟必须低
实时聊天/打游戏最怕卡顿！叮咚零延迟变声，说话即变，整蛊不露馅 
3️⃣ 操作别复杂
拒绝花里胡哨设置！叮咚一键切换音色，老人小孩都会用，打开就能整活 
4️⃣ 音质要清晰
别让电流音毁所有！叮咚高清音质，无杂音无破音，语音发圈超有面 
5️⃣ 功能要实用
支持实时变声+录音变声，可导出音频，拍视频/整蛊/聊天全场景适配 
真心劝大家！选变声器认准这5点，直接冲叮咚就对了✅
免费音色玩到爽，社恐整蛊必备，快乐直接拉满～",叮咚变声器,MS4wLjABAAAAFA0K0vd9XMr8zd9MyNBFYozRN__jKPnjCMYrVlMcoaKbrI77vmF36gfZJjr4w3cJ,2026-03-02T04:21:12.000Z,26,2,3,0,https://www.douyin.com/video/7612508568902759295
99,7535389493109542207,拿下辐射区又怎样？变声器一开都是我的！ #和平精英暴富空投节 #地铁逃生鼠鼠行为图鉴 #地铁逃生周年版本 #地铁逃生摸金搜打撤 #和平精英地铁逃生,天成说游,MS4wLjABAAAAwENP6laUXpEEe84aTwFWFSFSlE1cLrQRajN-iCtGrH9TxT5RFKlGj3osRy6r32tF,2025-08-06T08:40:01.000Z,10120,513,337,0,https://www.douyin.com/video/7535389493109542207
100,7627775364878019566,"本来是冲着颜值买的氦气球，结果突发奇想吸了一口下一秒说话直接惊到自己!原本的正常嗓音瞬间变尖变细，像被按了加速键的卡通人物，闺蜜说我又像唐老鸭又像小黄人，录语音发群里直接炸锅hhh试了好几次才摸清门道：得慢慢吸一口，说话的时候真的自带夹子音buff，唱《黑猫警长》简直是原声复刻!不过变声效果就持续几秒，刚上瘾就没了，害得我疯狂回购氦气球
后来才知道原理：氦气密度比空气小，声波传播更快，所以音调直接拉满!但友情提示：只能少量浅吸哦，过量会缺氧不安全，小朋友也不能独自尝试~有没有宝子试过氦气球变声?你们吸完像什么卡通人物?快在评论区分享你的魔性变声经历，或者提名想让我用氦气变声唱的歌，我来挑战!#趣味小实验#挑战#冷知识#科普#氦气球",拜托了芙芙,MS4wLjABAAAACmaofmoTZemlgiRydinjbcO_7zvFa8sjqugnOoKcAGgx3o4E1-uteWCDUP1PAL0V,2026-04-12T07:44:08.000Z,6572,402,159,0,https://www.douyin.com/video/7627775364878019566
101,7551720723232967978,当你队伍里有个变声器 #三角洲行动 #三角洲行动周年庆  #三角洲行动欢乐剧场 #抖来洲年庆 #杭州秒变三角洲,依哈斯坦森,MS4wLjABAAAABhqLwbnO_Zy19odN5kmwSvDQFIoLjHzDK5MsA2Sq0xY,2025-09-19T08:53:25.000Z,52272,449,5117,0,https://www.douyin.com/video/7551720723232967978
102,7611156074804062016,回复 @发现小三是男的咋办的评论 #qq变声器 #教程 #点个赞吧,萌界喵喵主,MS4wLjABAAAARt9b5lDgzxta9UnGLyKt42se5i0M6N8SBWgR3OD5l00,2026-02-26T12:52:50.000Z,24,10,12,0,https://www.douyin.com/video/7611156074804062016
103,7644219584195401083,跟大家讲一下最近火的变声器是可以关掉的不要乱传关不掉了，变声器不是实时转声音的，它是文字转语音是你提前输入一段文字它再给你生成一段语音后面才能发，网上你们听的那些语音那种传关不掉的那种都是语音包，如果实在不会关可以去设置里面找无障碍给kk键盘权限关掉就行。#键盘功能 #kk键盘 #变声器,。,MS4wLjABAAAA_BJ-QK66nXarWf5NKX7qZolQCbCnRRz_DdLw7RTdcXdDCEPGg65JqEhV4mZs-0Xj,2026-05-26T15:16:06.000Z,12518,2183,3099,0,https://www.douyin.com/video/7644219584195401083
104,7592440309243740017,自用变声器你们要不要。手机用的#变声器,热狗肠（想要肩膀头子版）,MS4wLjABAAAAa1JfmHbZsnjnwihalGI3gqQaYoBpBHJTjgAMMQslq05fMO2w098jAqE2cS0O6Q44,2026-01-07T02:26:05.000Z,13,63,2,0,https://www.douyin.com/video/7592440309243740017
105,7620826623361396607,"想要游戏连麦整活？一款主播都在用的变声器推荐！
#变声  #无畏契约 #教程 #游戏",YY变声,MS4wLjABAAAAPgetaOcJpgXuaNCZthUyZcgkvHqB2OeGicFVE97Z9T8nhoEzvHv-hl7KHa53gy2y,2026-03-24T14:19:29.000Z,3171,105,909,0,https://www.douyin.com/video/7620826623361396607
106,7661093228125105017,兄弟们太甜了这个声音#变声器 #变声器软件 #变声器推荐 #变声器吃鸡,小芊语音,MS4wLjABAAAAw4PM6t4Cq9d0sgb7p0tHd_HI-5dJzznSjHxKJOdvMf8BijDo3QFajSyOcfO10Jsf,2026-07-11T05:34:00.000Z,1,0,0,0,https://www.douyin.com/video/7661093228125105017
107,7571369342550543666,找一个护航让他用老太变声器整蛊路人，看看路人是什么反应？ #三角洲行动 #恋与三角洲 #三角洲行动欢乐剧场 #三角洲s6烈火冲天新赛季 #Zi电竞,甜甜洛（三角洲行动）,MS4wLjABAAAAolCZiT_fp1BQvrhfj9oKlZM0_gDTFfUg_4UvVSbo2AbWDFp_KPkhHg4ShtoUbfjC,2025-11-11T07:40:04.000Z,106531,1106,6830,0,https://www.douyin.com/video/7571369342550543666
108,7611156074804062016,回复 @发现小三是男的咋办的评论 #qq变声器 #教程 #点个赞吧,萌界喵喵主,MS4wLjABAAAARt9b5lDgzxta9UnGLyKt42se5i0M6N8SBWgR3OD5l00,2026-02-26T12:52:50.000Z,24,10,12,0,https://www.douyin.com/video/7611156074804062016
109,7551720723232967978,当你队伍里有个变声器 #三角洲行动 #三角洲行动周年庆  #三角洲行动欢乐剧场 #抖来洲年庆 #杭州秒变三角洲,依哈斯坦森,MS4wLjABAAAABhqLwbnO_Zy19odN5kmwSvDQFIoLjHzDK5MsA2Sq0xY,2025-09-19T08:53:25.000Z,52272,449,5117,0,https://www.douyin.com/video/7551720723232967978
110,7644219584195401083,跟大家讲一下最近火的变声器是可以关掉的不要乱传关不掉了，变声器不是实时转声音的，它是文字转语音是你提前输入一段文字它再给你生成一段语音后面才能发，网上你们听的那些语音那种传关不掉的那种都是语音包，如果实在不会关可以去设置里面找无障碍给kk键盘权限关掉就行。#键盘功能 #kk键盘 #变声器,。,MS4wLjABAAAA_BJ-QK66nXarWf5NKX7qZolQCbCnRRz_DdLw7RTdcXdDCEPGg65JqEhV4mZs-0Xj,2026-05-26T15:16:06.000Z,12518,2183,3099,0,https://www.douyin.com/video/7644219584195401083
111,7627775364878019566,"本来是冲着颜值买的氦气球，结果突发奇想吸了一口下一秒说话直接惊到自己!原本的正常嗓音瞬间变尖变细，像被按了加速键的卡通人物，闺蜜说我又像唐老鸭又像小黄人，录语音发群里直接炸锅hhh试了好几次才摸清门道：得慢慢吸一口，说话的时候真的自带夹子音buff，唱《黑猫警长》简直是原声复刻!不过变声效果就持续几秒，刚上瘾就没了，害得我疯狂回购氦气球
后来才知道原理：氦气密度比空气小，声波传播更快，所以音调直接拉满!但友情提示：只能少量浅吸哦，过量会缺氧不安全，小朋友也不能独自尝试~有没有宝子试过氦气球变声?你们吸完像什么卡通人物?快在评论区分享你的魔性变声经历，或者提名想让我用氦气变声唱的歌，我来挑战!#趣味小实验#挑战#冷知识#科普#氦气球",拜托了芙芙,MS4wLjABAAAACmaofmoTZemlgiRydinjbcO_7zvFa8sjqugnOoKcAGgx3o4E1-uteWCDUP1PAL0V,2026-04-12T07:44:08.000Z,6572,402,159,0,https://www.douyin.com/video/7627775364878019566
112,7612508568902759295,"变声避坑指南❗️选对叮咚少走5年弯路。变声避坑指南❗️选对叮咚少走5年弯路 
#变声器避雷 #叮咚变声器 #整蛊神器 #社恐福音 
选变声器别瞎冲！
踩过N多雷后总结的5个关键点，照着选不亏👇 
1️⃣ 音色要自然
拒绝电子音/机器人音！叮咚超多真人采样音色，奶狗/御姐/大叔/搞怪音全覆盖，逼真不尴尬 
2️⃣ 延迟必须低
实时聊天/打游戏最怕卡顿！叮咚零延迟变声，说话即变，整蛊不露馅 
3️⃣ 操作别复杂
拒绝花里胡哨设置！叮咚一键切换音色，老人小孩都会用，打开就能整活 
4️⃣ 音质要清晰
别让电流音毁所有！叮咚高清音质，无杂音无破音，语音发圈超有面 
5️⃣ 功能要实用
支持实时变声+录音变声，可导出音频，拍视频/整蛊/聊天全场景适配 
真心劝大家！选变声器认准这5点，直接冲叮咚就对了✅
免费音色玩到爽，社恐整蛊必备，快乐直接拉满～",叮咚变声器,MS4wLjABAAAAFA0K0vd9XMr8zd9MyNBFYozRN__jKPnjCMYrVlMcoaKbrI77vmF36gfZJjr4w3cJ,2026-03-02T04:21:12.000Z,26,2,3,0,https://www.douyin.com/video/7612508568902759295
113,7592440309243740017,自用变声器你们要不要。手机用的#变声器,热狗肠（想要肩膀头子版）,MS4wLjABAAAAa1JfmHbZsnjnwihalGI3gqQaYoBpBHJTjgAMMQslq05fMO2w098jAqE2cS0O6Q44,2026-01-07T02:26:05.000Z,13,63,2,0,https://www.douyin.com/video/7592440309243740017
114,7257457554979147008,一天一个变脸小技巧#优课星球,高司令,MS4wLjABAAAAIFPKhUV_segU1VNDgieCvDk-u-lxLs9kdnv0p5E0wWdVg7hhGotq4qk97LlV4_wN,2023-07-19T09:22:03.000Z,203535,4816,11586,0,https://www.douyin.com/video/7257457554979147008
115,7578438477834935656,找一个护航 让他开蜂医的变声器假装跑刀仔 看看路人是什么反应？#三角洲行动#三角洲s7阿萨拉新赛季#三角洲行动欢乐剧场#三角洲行动攻略#Zi电竞,甜甜洛（三角洲行动）,MS4wLjABAAAAolCZiT_fp1BQvrhfj9oKlZM0_gDTFfUg_4UvVSbo2AbWDFp_KPkhHg4ShtoUbfjC,2025-11-30T11:09:13.000Z,68148,834,1589,0,https://www.douyin.com/video/7578438477834935656
116,7615311826561092873,变声器保姆级教程，轻松实现超真实变声效果，小白也可以轻松学会 2026年最新版本变声器教程，0帧起手，纯干货，变声器安装，设置，硬件要求讲解，轻松实现真实变声，还原情绪表达#rvc #变声器 #变声器教程 #ai #7辰,7辰专业变声,MS4wLjABAAAA0Eis99BYV-bf5oe_xLfFCXcpD17XL7H2eSE25xLuyEhnCRbAkBxlK5yPVXG0CLv-,2026-03-10T09:20:00.000Z,89,2,0,0,https://www.douyin.com/video/7615311826561092873
117,7339472479859035419,我的世界段子：我有一个究极舔狗朋友 #我的世界 #我的世界段子 #渣渣辉td #整活,辉仔,MS4wLjABAAAAaTHFLUBtVI1T3XY6lolM71zRYC_td8lk5i8gi3sSl3s,2024-02-25T09:42:09.000Z,19993,1490,1752,0,https://www.douyin.com/video/7339472479859035419
118,7479413814115585314,变声器？（祄一七已并并哉木和及及汢）。#变声器 #变声器吃鸡 #变声器软件 #变声器教程 #调声  ios安卓变声器最新版 让宝子们在手机上就能做到自己调声 聊天试试变设声 游戏实时变声 宝子们快来一起试试吧,坤坤分享王,MS4wLjABAAAAO6rdnD2Db6y3GJ7NRBrsXSfZG-gxJxwDmYmXT8EYr01OOn4x-Zobdsf2FdR-BVuS,2025-03-08T12:25:49.000Z,3552,144,42027,0,https://www.douyin.com/video/7479413814115585314
119,7508686852096052531,"给大家分享一个女变男 男变女的变声软件很不错的 
动作蒗斯甑镢癖多好
声音效果不错很喜欢 声音也是非常好#变声器 #变声器吃鸡 #变声器推荐 #手机变声器",久久资源库,MS4wLjABAAAAJ9WjP540RaYh4LvJfIMcQNkeTmPW1pwdq6rJyd43jAjAZItQ6A3eNAsA9I0mW05Q,2025-05-26T09:40:16.000Z,6,0,19,0,https://www.douyin.com/video/7508686852096052531
120,7633353694067819142,"在这个ai大时代到底还有多少人不知道有语音变声器的存在啊
男声变女声
女声变男声
小叮咚提醒各位
网恋需谨慎呀宝子们
#变音器 #网恋音 #声音男友 #免费变声器 #叮咚变声器",叮咚变声器,MS4wLjABAAAA1ppefoQjrpW7igayYTFo28aTSic96oaAxssayi1i_APG5_tBwmIWxb5D_P3F5eG_,2026-04-27T08:30:54.000Z,83,172,8,0,https://www.douyin.com/video/7633353694067819142